timestamp,pan_id,pan_area_m2,salinity_g_l,water_depth_cm,brine_temperature_c,humidity_pct
2024-04-01T08:00:00,PAN-1,1200,220.5,8.2,31.5,62
2024-04-01T09:00:00,PAN-1,1200,221.1,8.1,32.0,60
2024-04-01T10:00:00,PAN-1,1200,222.3,8.0,33.2,58
2024-04-01T08:00:00,PAN-2,800,235.0,6.5,30.8,65
2024-04-01T09:00:00,PAN-2,800,236.2,6.4,31.5,63
2024-04-01T10:00:00,PAN-2,800,237.8,6.3,32.1,61
2024-04-01T08:00:00,PAN-3,500,245.0,7.0,29.5,68
2024-04-01T09:00:00,PAN-3,500,246.5,6.9,30.2,66
2024-04-01T10:00:00,PAN-3,500,248.1,6.8,31.0,64
